{"class_name": "Model", "config": {"name": "model_1", "layers": [{"name": "input_1", "class_name": "InputLayer", "config": {"batch_input_shape": [null, 106, 1], "dtype": "float32", "sparse": false, "name": "input_1"}, "inbound_nodes": []}, {"name": "conv1d_1", "class_name": "Conv1D", "config": {"name": "conv1d_1", "trainable": true, "dtype": "float32", "filters": 64, "kernel_size": [5], "strides": [1], "padding": "same", "data_format": "channels_last", "dilation_rate": [1], "activation": "relu", "use_bias": true, "kernel_initializer": {"class_name": "VarianceScaling", "config": {"scale": 1.0, "mode": "fan_avg", "distribution": "uniform", "seed": null}}, "bias_initializer": {"class_name": "Zeros", "config": {}}, "kernel_regularizer": null, "bias_regularizer": null, "activity_regularizer": null, "kernel_constraint": null, "bias_constraint": null}, "inbound_nodes": [[["input_1", 0, 0, {}]]]}, {"name": "conv1d_2", "class_name": "Conv1D", "config": {"name": "conv1d_2", "trainable": true, "dtype": "float32", "filters": 64, "kernel_size": [5], "strides": [1], "padding": "same", "data_format": "channels_last", "dilation_rate": [1], "activation": "relu", "use_bias": true, "kernel_initializer": {"class_name": "VarianceScaling", "config": {"scale": 1.0, "mode": "fan_avg", "distribution": "uniform", "seed": null}}, "bias_initializer": {"class_name": "Zeros", "config": {}}, "kernel_regularizer": null, "bias_regularizer": null, "activity_regularizer": null, "kernel_constraint": null, "bias_constraint": null}, "inbound_nodes": [[["conv1d_1", 0, 0, {}]]]}, {"name": "conv1d_3", "class_name": "Conv1D", "config": {"name": "conv1d_3", "trainable": true, "dtype": "float32", "filters": 64, "kernel_size": [5], "strides": [1], "padding": "same", "data_format": "channels_last", "dilation_rate": [1], "activation": "relu", "use_bias": true, "kernel_initializer": {"class_name": "VarianceScaling", "config": {"scale": 1.0, "mode": "fan_avg", "distribution": "uniform", "seed": null}}, "bias_initializer": {"class_name": "Zeros", "config": {}}, "kernel_regularizer": null, "bias_regularizer": null, "activity_regularizer": null, "kernel_constraint": null, "bias_constraint": null}, "inbound_nodes": [[["conv1d_2", 0, 0, {}]]]}, {"name": "add_1", "class_name": "Add", "config": {"name": "add_1", "trainable": true, "dtype": "float32"}, "inbound_nodes": [[["conv1d_1", 0, 0, {}], ["conv1d_3", 0, 0, {}]]]}, {"name": "re_lu_1", "class_name": "ReLU", "config": {"name": "re_lu_1", "trainable": true, "dtype": "float32", "max_value": null, "negative_slope": 0.0, "threshold": 0.0}, "inbound_nodes": [[["add_1", 0, 0, {}]]]}, {"name": "max_pooling1d_1", "class_name": "MaxPooling1D", "config": {"name": "max_pooling1d_1", "trainable": true, "dtype": "float32", "strides": [2], "pool_size": [2], "padding": "valid", "data_format": "channels_last"}, "inbound_nodes": [[["re_lu_1", 0, 0, {}]]]}, {"name": "batch_normalization_1", "class_name": "BatchNormalization", "config": {"name": "batch_normalization_1", "trainable": true, "dtype": "float32", "axis": -1, "momentum": 0.99, "epsilon": 0.0001, "center": true, "scale": true, "beta_initializer": {"class_name": "Zeros", "config": {}}, "gamma_initializer": {"class_name": "Ones", "config": {}}, "moving_mean_initializer": {"class_name": "Zeros", "config": {}}, "moving_variance_initializer": {"class_name": "Ones", "config": {}}, "beta_regularizer": null, "gamma_regularizer": null, "beta_constraint": null, "gamma_constraint": null}, "inbound_nodes": [[["max_pooling1d_1", 0, 0, {}]]]}, {"name": "conv1d_4", "class_name": "Conv1D", "config": {"name": "conv1d_4", "trainable": true, "dtype": "float32", "filters": 64, "kernel_size": [5], "strides": [1], "padding": "same", "data_format": "channels_last", "dilation_rate": [1], "activation": "relu", "use_bias": true, "kernel_initializer": {"class_name": "VarianceScaling", "config": {"scale": 1.0, "mode": "fan_avg", "distribution": "uniform", "seed": null}}, "bias_initializer": {"class_name": "Zeros", "config": {}}, "kernel_regularizer": null, "bias_regularizer": null, "activity_regularizer": null, "kernel_constraint": null, "bias_constraint": null}, "inbound_nodes": [[["batch_normalization_1", 0, 0, {}]]]}, {"name": "conv1d_5", "class_name": "Conv1D", "config": {"name": "conv1d_5", "trainable": true, "dtype": "float32", "filters": 64, "kernel_size": [5], "strides": [1], "padding": "same", "data_format": "channels_last", "dilation_rate": [1], "activation": "relu", "use_bias": true, "kernel_initializer": {"class_name": "VarianceScaling", "config": {"scale": 1.0, "mode": "fan_avg", "distribution": "uniform", "seed": null}}, "bias_initializer": {"class_name": "Zeros", "config": {}}, "kernel_regularizer": null, "bias_regularizer": null, "activity_regularizer": null, "kernel_constraint": null, "bias_constraint": null}, "inbound_nodes": [[["conv1d_4", 0, 0, {}]]]}, {"name": "add_2", "class_name": "Add", "config": {"name": "add_2", "trainable": true, "dtype": "float32"}, "inbound_nodes": [[["batch_normalization_1", 0, 0, {}], ["conv1d_5", 0, 0, {}]]]}, {"name": "re_lu_2", "class_name": "ReLU", "config": {"name": "re_lu_2", "trainable": true, "dtype": "float32", "max_value": null, "negative_slope": 0.0, "threshold": 0.0}, "inbound_nodes": [[["add_2", 0, 0, {}]]]}, {"name": "batch_normalization_2", "class_name": "BatchNormalization", "config": {"name": "batch_normalization_2", "trainable": true, "dtype": "float32", "axis": -1, "momentum": 0.99, "epsilon": 0.0001, "center": true, "scale": true, "beta_initializer": {"class_name": "Zeros", "config": {}}, "gamma_initializer": {"class_name": "Ones", "config": {}}, "moving_mean_initializer": {"class_name": "Zeros", "config": {}}, "moving_variance_initializer": {"class_name": "Ones", "config": {}}, "beta_regularizer": null, "gamma_regularizer": null, "beta_constraint": null, "gamma_constraint": null}, "inbound_nodes": [[["re_lu_2", 0, 0, {}]]]}, {"name": "conv1d_6", "class_name": "Conv1D", "config": {"name": "conv1d_6", "trainable": true, "dtype": "float32", "filters": 64, "kernel_size": [5], "strides": [1], "padding": "same", "data_format": "channels_last", "dilation_rate": [1], "activation": "relu", "use_bias": true, "kernel_initializer": {"class_name": "VarianceScaling", "config": {"scale": 1.0, "mode": "fan_avg", "distribution": "uniform", "seed": null}}, "bias_initializer": {"class_name": "Zeros", "config": {}}, "kernel_regularizer": null, "bias_regularizer": null, "activity_regularizer": null, "kernel_constraint": null, "bias_constraint": null}, "inbound_nodes": [[["batch_normalization_2", 0, 0, {}]]]}, {"name": "conv1d_7", "class_name": "Conv1D", "config": {"name": "conv1d_7", "trainable": true, "dtype": "float32", "filters": 64, "kernel_size": [5], "strides": [1], "padding": "same", "data_format": "channels_last", "dilation_rate": [1], "activation": "relu", "use_bias": true, "kernel_initializer": {"class_name": "VarianceScaling", "config": {"scale": 1.0, "mode": "fan_avg", "distribution": "uniform", "seed": null}}, "bias_initializer": {"class_name": "Zeros", "config": {}}, "kernel_regularizer": null, "bias_regularizer": null, "activity_regularizer": null, "kernel_constraint": null, "bias_constraint": null}, "inbound_nodes": [[["conv1d_6", 0, 0, {}]]]}, {"name": "add_3", "class_name": "Add", "config": {"name": "add_3", "trainable": true, "dtype": "float32"}, "inbound_nodes": [[["batch_normalization_2", 0, 0, {}], ["conv1d_7", 0, 0, {}]]]}, {"name": "re_lu_3", "class_name": "ReLU", "config": {"name": "re_lu_3", "trainable": true, "dtype": "float32", "max_value": null, "negative_slope": 0.0, "threshold": 0.0}, "inbound_nodes": [[["add_3", 0, 0, {}]]]}, {"name": "max_pooling1d_2", "class_name": "MaxPooling1D", "config": {"name": "max_pooling1d_2", "trainable": true, "dtype": "float32", "strides": [2], "pool_size": [2], "padding": "valid", "data_format": "channels_last"}, "inbound_nodes": [[["re_lu_3", 0, 0, {}]]]}, {"name": "batch_normalization_3", "class_name": "BatchNormalization", "config": {"name": "batch_normalization_3", "trainable": true, "dtype": "float32", "axis": -1, "momentum": 0.99, "epsilon": 0.0001, "center": true, "scale": true, "beta_initializer": {"class_name": "Zeros", "config": {}}, "gamma_initializer": {"class_name": "Ones", "config": {}}, "moving_mean_initializer": {"class_name": "Zeros", "config": {}}, "moving_variance_initializer": {"class_name": "Ones", "config": {}}, "beta_regularizer": null, "gamma_regularizer": null, "beta_constraint": null, "gamma_constraint": null}, "inbound_nodes": [[["max_pooling1d_2", 0, 0, {}]]]}, {"name": "conv1d_8", "class_name": "Conv1D", "config": {"name": "conv1d_8", "trainable": true, "dtype": "float32", "filters": 64, "kernel_size": [5], "strides": [1], "padding": "same", "data_format": "channels_last", "dilation_rate": [1], "activation": "relu", "use_bias": true, "kernel_initializer": {"class_name": "VarianceScaling", "config": {"scale": 1.0, "mode": "fan_avg", "distribution": "uniform", "seed": null}}, "bias_initializer": {"class_name": "Zeros", "config": {}}, "kernel_regularizer": null, "bias_regularizer": null, "activity_regularizer": null, "kernel_constraint": null, "bias_constraint": null}, "inbound_nodes": [[["batch_normalization_3", 0, 0, {}]]]}, {"name": "conv1d_9", "class_name": "Conv1D", "config": {"name": "conv1d_9", "trainable": true, "dtype": "float32", "filters": 64, "kernel_size": [5], "strides": [1], "padding": "same", "data_format": "channels_last", "dilation_rate": [1], "activation": "relu", "use_bias": true, "kernel_initializer": {"class_name": "VarianceScaling", "config": {"scale": 1.0, "mode": "fan_avg", "distribution": "uniform", "seed": null}}, "bias_initializer": {"class_name": "Zeros", "config": {}}, "kernel_regularizer": null, "bias_regularizer": null, "activity_regularizer": null, "kernel_constraint": null, "bias_constraint": null}, "inbound_nodes": [[["conv1d_8", 0, 0, {}]]]}, {"name": "add_4", "class_name": "Add", "config": {"name": "add_4", "trainable": true, "dtype": "float32"}, "inbound_nodes": [[["batch_normalization_3", 0, 0, {}], ["conv1d_9", 0, 0, {}]]]}, {"name": "re_lu_4", "class_name": "ReLU", "config": {"name": "re_lu_4", "trainable": true, "dtype": "float32", "max_value": null, "negative_slope": 0.0, "threshold": 0.0}, "inbound_nodes": [[["add_4", 0, 0, {}]]]}, {"name": "batch_normalization_4", "class_name": "BatchNormalization", "config": {"name": "batch_normalization_4", "trainable": true, "dtype": "float32", "axis": -1, "momentum": 0.99, "epsilon": 0.0001, "center": true, "scale": true, "beta_initializer": {"class_name": "Zeros", "config": {}}, "gamma_initializer": {"class_name": "Ones", "config": {}}, "moving_mean_initializer": {"class_name": "Zeros", "config": {}}, "moving_variance_initializer": {"class_name": "Ones", "config": {}}, "beta_regularizer": null, "gamma_regularizer": null, "beta_constraint": null, "gamma_constraint": null}, "inbound_nodes": [[["re_lu_4", 0, 0, {}]]]}, {"name": "conv1d_10", "class_name": "Conv1D", "config": {"name": "conv1d_10", "trainable": true, "dtype": "float32", "filters": 64, "kernel_size": [5], "strides": [1], "padding": "same", "data_format": "channels_last", "dilation_rate": [1], "activation": "relu", "use_bias": true, "kernel_initializer": {"class_name": "VarianceScaling", "config": {"scale": 1.0, "mode": "fan_avg", "distribution": "uniform", "seed": null}}, "bias_initializer": {"class_name": "Zeros", "config": {}}, "kernel_regularizer": null, "bias_regularizer": null, "activity_regularizer": null, "kernel_constraint": null, "bias_constraint": null}, "inbound_nodes": [[["batch_normalization_4", 0, 0, {}]]]}, {"name": "conv1d_11", "class_name": "Conv1D", "config": {"name": "conv1d_11", "trainable": true, "dtype": "float32", "filters": 64, "kernel_size": [5], "strides": [1], "padding": "same", "data_format": "channels_last", "dilation_rate": [1], "activation": "relu", "use_bias": true, "kernel_initializer": {"class_name": "VarianceScaling", "config": {"scale": 1.0, "mode": "fan_avg", "distribution": "uniform", "seed": null}}, "bias_initializer": {"class_name": "Zeros", "config": {}}, "kernel_regularizer": null, "bias_regularizer": null, "activity_regularizer": null, "kernel_constraint": null, "bias_constraint": null}, "inbound_nodes": [[["conv1d_10", 0, 0, {}]]]}, {"name": "add_5", "class_name": "Add", "config": {"name": "add_5", "trainable": true, "dtype": "float32"}, "inbound_nodes": [[["batch_normalization_4", 0, 0, {}], ["conv1d_11", 0, 0, {}]]]}, {"name": "re_lu_5", "class_name": "ReLU", "config": {"name": "re_lu_5", "trainable": true, "dtype": "float32", "max_value": null, "negative_slope": 0.0, "threshold": 0.0}, "inbound_nodes": [[["add_5", 0, 0, {}]]]}, {"name": "max_pooling1d_3", "class_name": "MaxPooling1D", "config": {"name": "max_pooling1d_3", "trainable": true, "dtype": "float32", "strides": [2], "pool_size": [2], "padding": "valid", "data_format": "channels_last"}, "inbound_nodes": [[["re_lu_5", 0, 0, {}]]]}, {"name": "batch_normalization_5", "class_name": "BatchNormalization", "config": {"name": "batch_normalization_5", "trainable": true, "dtype": "float32", "axis": -1, "momentum": 0.99, "epsilon": 0.0001, "center": true, "scale": true, "beta_initializer": {"class_name": "Zeros", "config": {}}, "gamma_initializer": {"class_name": "Ones", "config": {}}, "moving_mean_initializer": {"class_name": "Zeros", "config": {}}, "moving_variance_initializer": {"class_name": "Ones", "config": {}}, "beta_regularizer": null, "gamma_regularizer": null, "beta_constraint": null, "gamma_constraint": null}, "inbound_nodes": [[["max_pooling1d_3", 0, 0, {}]]]}, {"name": "global_max_pooling1d_1", "class_name": "GlobalMaxPooling1D", "config": {"name": "global_max_pooling1d_1", "trainable": true, "dtype": "float32", "data_format": "channels_last"}, "inbound_nodes": [[["batch_normalization_5", 0, 0, {}]]]}, {"name": "dropout_1", "class_name": "Dropout", "config": {"name": "dropout_1", "trainable": true, "dtype": "float32", "rate": 0.2, "noise_shape": null, "seed": null}, "inbound_nodes": [[["global_max_pooling1d_1", 0, 0, {}]]]}, {"name": "dense_1", "class_name": "Dense", "config": {"name": "dense_1", "trainable": true, "dtype": "float32", "units": 64, "activation": "relu", "use_bias": true, "kernel_initializer": {"class_name": "VarianceScaling", "config": {"scale": 1.0, "mode": "fan_avg", "distribution": "uniform", "seed": null}}, "bias_initializer": {"class_name": "Zeros", "config": {}}, "kernel_regularizer": null, "bias_regularizer": null, "activity_regularizer": null, "kernel_constraint": null, "bias_constraint": null}, "inbound_nodes": [[["dropout_1", 0, 0, {}]]]}, {"name": "dropout_2", "class_name": "Dropout", "config": {"name": "dropout_2", "trainable": true, "dtype": "float32", "rate": 0.2, "noise_shape": null, "seed": null}, "inbound_nodes": [[["dense_1", 0, 0, {}]]]}, {"name": "dense_2", "class_name": "Dense", "config": {"name": "dense_2", "trainable": true, "dtype": "float32", "units": 128, "activation": "relu", "use_bias": true, "kernel_initializer": {"class_name": "VarianceScaling", "config": {"scale": 1.0, "mode": "fan_avg", "distribution": "uniform", "seed": null}}, "bias_initializer": {"class_name": "Zeros", "config": {}}, "kernel_regularizer": null, "bias_regularizer": null, "activity_regularizer": null, "kernel_constraint": null, "bias_constraint": null}, "inbound_nodes": [[["dropout_2", 0, 0, {}]]]}, {"name": "dropout_3", "class_name": "Dropout", "config": {"name": "dropout_3", "trainable": true, "dtype": "float32", "rate": 0.2, "noise_shape": null, "seed": null}, "inbound_nodes": [[["dense_2", 0, 0, {}]]]}, {"name": "dense_3", "class_name": "Dense", "config": {"name": "dense_3", "trainable": true, "dtype": "float32", "units": 16, "activation": "linear", "use_bias": true, "kernel_initializer": {"class_name": "VarianceScaling", "config": {"scale": 1.0, "mode": "fan_avg", "distribution": "uniform", "seed": null}}, "bias_initializer": {"class_name": "Zeros", "config": {}}, "kernel_regularizer": null, "bias_regularizer": null, "activity_regularizer": null, "kernel_constraint": null, "bias_constraint": null}, "inbound_nodes": [[["dropout_3", 0, 0, {}]]]}], "input_layers": [["input_1", 0, 0]], "output_layers": [["dense_3", 0, 0]]}, "keras_version": "2.3.1", "backend": "tensorflow"}